time,latitude,longitude
2021-11-25 10:57:29.1520,49.281526223041546,-122.79748550619995
2021-11-25 10:57:30.1550,49.2815245228015,-122.79749029426902
2021-11-25 10:57:31.1560,49.281523974455254,-122.79749544054873
2021-11-25 10:57:32.1550,49.28152169004255,-122.79749335456582
2021-11-25 10:57:33.1580,49.28152233227306,-122.79749174980786
2021-11-25 10:57:34.1410,49.28152824095113,-122.79748298728525
2021-11-25 10:57:35.1660,49.28152942580662,-122.79748191104811
2021-11-25 10:57:36.1530,49.28153226034064,-122.7974788338222
2021-11-25 10:57:37.1600,49.281540130936385,-122.79747016232302
2021-11-25 10:57:38.1290,49.28154548632457,-122.79746179328407
2021-11-25 10:57:39.1540,49.281552959225685,-122.79744980880822
2021-11-25 10:57:40.1820,49.28155761643597,-122.797443867455
2021-11-25 10:57:41.1860,49.28156208446591,-122.79744122476845
2021-11-25 10:57:42.1930,49.281566823912115,-122.79742512157694
2021-11-25 10:57:43.1860,49.28156846639663,-122.79740601246877
2021-11-25 10:57:44.1850,49.281563629799805,-122.79738784144398
2021-11-25 10:57:45.1940,49.28156373795379,-122.79737137854468
2021-11-25 10:57:46.1930,49.28156465467362,-122.79735768622746
2021-11-25 10:57:47.1850,49.28156288629819,-122.7973391069169
2021-11-25 10:57:48.1860,49.281559154836316,-122.79732892892493
2021-11-25 10:57:49.1920,49.281555927812285,-122.79732791267126
2021-11-25 10:57:50.1850,49.2815533322238,-122.79732399740165
2021-11-25 10:57:51.1920,49.28154816369884,-122.79732656216788
2021-11-25 10:57:52.1920,49.281537375689105,-122.79733665779278
2021-11-25 10:57:53.1940,49.28152753946715,-122.7973342257111
2021-11-25 10:57:54.1860,49.28151513182828,-122.79732373366141
2021-11-25 10:57:55.1840,49.28149767731119,-122.79729685498828
2021-11-25 10:57:56.1930,49.281484497221236,-122.79726420368975
2021-11-25 10:57:57.1750,49.28147625771326,-122.79723839848465
2021-11-25 10:57:58.1960,49.281473848411395,-122.7972022481825
2021-11-25 10:57:59.1830,49.28147581950143,-122.79716905602638
2021-11-25 10:58:00.1890,49.28147753296518,-122.79713996316202
2021-11-25 10:58:01.1940,49.28148642975819,-122.79711735815701
2021-11-25 10:58:02.1840,49.28149405280397,-122.79708583867182
2021-11-25 10:58:03.1530,49.28149978584463,-122.79704261233897
2021-11-25 10:58:04.1940,49.28152619910384,-122.79702810855969
2021-11-25 10:58:05.1630,49.281554503774245,-122.79704333910706
2021-11-25 10:58:06.1810,49.28159040329421,-122.79705507375988
2021-11-25 10:58:07.1880,49.281622953606394,-122.79705947716555
2021-11-25 10:58:08.1910,49.28164571970568,-122.79705758728649
2021-11-25 10:58:09.1810,49.2816571057265,-122.79705526523315
2021-11-25 10:58:10.1940,49.28166941514226,-122.79704811153486
2021-11-25 10:58:11.1600,49.28168472549386,-122.79703614220729
2021-11-25 10:58:12.1960,49.28169400905702,-122.79702703565542
2021-11-25 10:58:13.1920,49.281707137490145,-122.79702084220594
2021-11-25 10:58:14.1950,49.28170657977289,-122.79701495288025
2021-11-25 10:58:15.1850,49.281712270989466,-122.79701530863116
2021-11-25 10:58:16.1860,49.28171508347514,-122.79701639109611
2021-11-25 10:58:17.2030,49.28172161939571,-122.79701687269446
2021-11-25 10:58:18.1960,49.281725646477334,-122.79701527021156
2021-11-25 10:58:19.1910,49.28173120319047,-122.79701259679506
2021-11-25 10:58:20.1920,49.281748789279206,-122.79701939954964
2021-11-25 10:58:21.1840,49.28176586978484,-122.79703807900135
2021-11-25 10:58:22.1930,49.2817873549739,-122.79707867314448
2021-11-25 10:58:23.1920,49.281798655284696,-122.79714823401298
2021-11-25 10:58:24.1960,49.281807470866205,-122.79724320848553
2021-11-25 10:58:25.3130,49.28180988657198,-122.79734319859374
2021-11-25 10:58:26.2000,49.28180277833175,-122.79743983048398
2021-11-25 10:58:27.2150,49.28179643759982,-122.79754152028588
2021-11-25 10:58:28.1910,49.28178955004991,-122.79764937121807
2021-11-25 10:58:29.1960,49.28178942153752,-122.79775719822682
2021-11-25 10:58:30.1930,49.28178970515377,-122.79787113769878
2021-11-25 10:58:31.1980,49.281788965075684,-122.79799348123987
2021-11-25 10:58:32.1940,49.28178899213822,-122.79811650196442
2021-11-25 10:58:33.2050,49.28179092984457,-122.79823118013594
2021-11-25 10:58:34.2000,49.28178739996662,-122.79834323384831
2021-11-25 10:58:35.1920,49.281799308120576,-122.79845523028037
2021-11-25 10:58:36.1980,49.28180285347468,-122.79855437961602
2021-11-25 10:58:37.1950,49.28179354853972,-122.79864193768546
2021-11-25 10:58:38.1980,49.28179412836967,-122.79871398420376
2021-11-25 10:58:39.1630,49.28179489964823,-122.79877363004921
2021-11-25 10:58:40.1710,49.281835890069466,-122.79882444701659
2021-11-25 10:58:41.1980,49.281870875113505,-122.79883582891853
2021-11-25 10:58:42.1930,49.28191369103701,-122.7988222237967
2021-11-25 10:58:43.1910,49.281958448874754,-122.79882264485744
2021-11-25 10:58:44.1880,49.28200444599998,-122.79882882352537
2021-11-25 10:58:45.1900,49.28205785521924,-122.79883506122049
2021-11-25 10:58:46.1920,49.28212111965043,-122.79883308562405
2021-11-25 10:58:47.2040,49.28219046468986,-122.7988338884455
2021-11-25 10:58:48.1810,49.2822572637123,-122.79883295295737
2021-11-25 10:58:49.1930,49.282321587084944,-122.79883174835062
2021-11-25 10:58:50.2010,49.28238998536853,-122.79883533165126
2021-11-25 10:58:51.1950,49.28246185917643,-122.79881152085697
2021-11-25 10:58:52.1890,49.28253654450053,-122.79881578630703
2021-11-25 10:58:53.1960,49.28261195539353,-122.79880751704529
2021-11-25 10:58:54.1890,49.28268755521543,-122.79880590143458
2021-11-25 10:58:55.1930,49.28276317806538,-122.79879492433413
2021-11-25 10:58:56.1980,49.282834041813125,-122.79878500888542
2021-11-25 10:58:57.1880,49.28289844841437,-122.79877964556574
2021-11-25 10:58:58.1950,49.282953233419846,-122.79878101288615
2021-11-25 10:58:59.1920,49.28299645521492,-122.7987703667517
2021-11-25 10:59:00.2130,49.28302903380048,-122.79876404403579
2021-11-25 10:59:01.1960,49.28304932047993,-122.79876614350262
2021-11-25 10:59:02.1980,49.283065531905436,-122.79881396129743
2021-11-25 10:59:03.1930,49.28308579024157,-122.79881302291376
2021-11-25 10:59:04.1960,49.28311400627088,-122.79881405529454
2021-11-25 10:59:05.1900,49.2831534405909,-122.79880234707765
2021-11-25 10:59:06.1670,49.28320339433439,-122.79879159252252
2021-11-25 10:59:07.1700,49.283262206321496,-122.79877276026072
2021-11-25 10:59:08.1990,49.283318854546806,-122.79874767575943
2021-11-25 10:59:09.1950,49.28338044690008,-122.79871225764794
2021-11-25 10:59:10.1970,49.28344374666826,-122.79868229943281
2021-11-25 10:59:11.1960,49.283500511025046,-122.79864094182534
2021-11-25 10:59:12.1630,49.28354728453499,-122.7986001369248
2021-11-25 10:59:13.1990,49.283579311257895,-122.79855832799164
2021-11-25 10:59:14.1690,49.28361117861861,-122.79853254230159
2021-11-25 10:59:15.1980,49.28362380702899,-122.79849648273084
2021-11-25 10:59:16.1820,49.28362393034372,-122.79845567097543
2021-11-25 10:59:17.1900,49.283651989889485,-122.79843204853763
2021-11-25 10:59:18.2020,49.28367769496969,-122.7984153224186
2021-11-25 10:59:19.1760,49.283702175436325,-122.79839997203494
2021-11-25 10:59:20.1910,49.28373482344267,-122.7983813453971
2021-11-25 10:59:21.1990,49.283755517594585,-122.79836471763366
2021-11-25 10:59:22.1690,49.283769514616395,-122.79834511277366
2021-11-25 10:59:23.1970,49.28377550869075,-122.7983283473705
2021-11-25 10:59:24.2020,49.28378428717214,-122.79831922158019
2021-11-25 10:59:25.2020,49.28379227682976,-122.79831010733831
2021-11-25 10:59:26.1640,49.28379712870083,-122.79831113795892
2021-11-25 10:59:27.1940,49.28380507472992,-122.7983181414762
2021-11-25 10:59:28.1700,49.2837972691241,-122.79834052994175
2021-11-25 10:59:29.1740,49.28378577198356,-122.79834513601787
2021-11-25 10:59:30.1980,49.28394134414743,-122.79833025715915
2021-11-25 10:59:31.1790,49.28375595902848,-122.79848543866518
2021-11-25 10:59:32.1840,49.28370443251745,-122.79852837910067
2021-11-25 10:59:33.1960,49.2836454256576,-122.79857344204176
2021-11-25 10:59:34.1960,49.2835828954238,-122.7986214354928
2021-11-25 10:59:35.1920,49.28351015076548,-122.79865426073741
2021-11-25 10:59:36.1860,49.283445099506075,-122.79870718243409
2021-11-25 10:59:37.2000,49.283379962726606,-122.79874997502482
2021-11-25 10:59:38.2030,49.2833097485855,-122.79877484398564
2021-11-25 10:59:39.1920,49.28323885327472,-122.79879127400942
2021-11-25 10:59:40.1940,49.28316766498763,-122.79879965167338
2021-11-25 10:59:41.1940,49.28310398767346,-122.79881033848108
2021-11-25 10:59:42.1980,49.28305313412061,-122.79881655423556
2021-11-25 10:59:43.1810,49.283011970597805,-122.7988074301587
2021-11-25 10:59:44.2020,49.282979925740264,-122.79881112087669
2021-11-25 10:59:45.1740,49.282957988559474,-122.79881986523205
2021-11-25 10:59:46.1610,49.28294216817678,-122.79881627658119
2021-11-25 10:59:47.1660,49.28293504550985,-122.79880290515958
2021-11-25 10:59:48.1430,49.282935721748004,-122.79879020119272
2021-11-25 10:59:49.1930,49.28294014271579,-122.79878761469668
2021-11-25 10:59:50.1660,49.28292402955749,-122.79879437729814
2021-11-25 10:59:51.1540,49.28290175612425,-122.79879776093668
2021-11-25 10:59:52.1930,49.28287417614668,-122.79880236549451
2021-11-25 10:59:53.1850,49.2828430333834,-122.798824227047
2021-11-25 10:59:54.1720,49.282806824977634,-122.79883940503466
2021-11-25 10:59:55.1850,49.282762094199555,-122.79884282434647
2021-11-25 10:59:56.1590,49.28272544807303,-122.79878330910459
2021-11-25 10:59:57.2180,49.282685767535156,-122.7987092467046
2021-11-25 10:59:58.2110,49.28265552472507,-122.79861483148449
2021-11-25 10:59:59.1900,49.282679162940795,-122.79849729382241
2021-11-25 11:0:00.1910,49.282677949218865,-122.79837262638917
2021-11-25 11:0:01.2030,49.2826979959286,-122.79824904013569
2021-11-25 11:0:02.1960,49.28270210175629,-122.79811036438186
2021-11-25 11:0:03.1870,49.28269796734125,-122.79796891946206
2021-11-25 11:0:04.2030,49.28270090206618,-122.79782865121788
2021-11-25 11:0:05.1720,49.28269718510854,-122.79769557386496
2021-11-25 11:0:06.1960,49.28268057684812,-122.79756824701214
2021-11-25 11:0:07.1680,49.28269317095979,-122.79744562139797
2021-11-25 11:0:08.1560,49.2826875443583,-122.79732867221063
2021-11-25 11:0:09.1930,49.28268051426686,-122.79721653997848
2021-11-25 11:0:10.1920,49.282683477857695,-122.79711538090827
2021-11-25 11:0:11.2010,49.28268132939166,-122.79702400451481
2021-11-25 11:0:12.1920,49.28267768769154,-122.79694205413149
2021-11-25 11:0:13.1700,49.282676941945034,-122.79686484699917
2021-11-25 11:0:14.1600,49.282676300560134,-122.7967922716892
2021-11-25 11:0:15.1720,49.28267443754399,-122.796726663178
2021-11-25 11:0:16.1690,49.28267506452843,-122.79667999662668
2021-11-25 11:0:17.1640,49.28267375400249,-122.79664502083583
2021-11-25 11:0:18.1730,49.2826750886947,-122.79662127826275
2021-11-25 11:0:19.1660,49.28267498580386,-122.79660886898125
2021-11-25 11:0:20.1510,49.28267326888006,-122.79660169628907
2021-11-25 11:0:21.1690,49.28267244974296,-122.79659374056398
2021-11-25 11:0:22.1700,49.28267226499864,-122.79658342278685
2021-11-25 11:0:23.1660,49.28266997103167,-122.79656471332822
2021-11-25 11:0:24.1680,49.282674322094,-122.79653286364093
2021-11-25 11:0:25.1750,49.28268503265897,-122.7964761785183
2021-11-25 11:0:26.1670,49.28268332105358,-122.79640465819924
2021-11-25 11:0:27.1860,49.282675071023554,-122.79632113688447
2021-11-25 11:0:28.1740,49.28267252241407,-122.79622834829722
2021-11-25 11:0:29.1980,49.28266811140461,-122.79612971123564
2021-11-25 11:0:30.1950,49.28266702549448,-122.79602465931315
2021-11-25 11:0:31.1530,49.28266222666365,-122.79591339831869
2021-11-25 11:0:32.1980,49.28265446154271,-122.79579365669855
2021-11-25 11:0:33.1950,49.28264922881542,-122.79566941771377
2021-11-25 11:0:34.1970,49.282647541000145,-122.79553929796636
2021-11-25 11:0:35.1910,49.28266896532669,-122.79540951691601
2021-11-25 11:0:36.1950,49.282674054833706,-122.79528171794986
2021-11-25 11:0:37.2030,49.28266643230838,-122.79516332542323
2021-11-25 11:0:38.1900,49.28266412199621,-122.79504679937124
2021-11-25 11:0:39.2010,49.28266924549077,-122.79493381960492
2021-11-25 11:0:40.1990,49.28267611681823,-122.79483299783391
2021-11-25 11:0:41.1950,49.28267898579984,-122.79474573633576
2021-11-25 11:0:42.1590,49.282675106273366,-122.79466433709501
2021-11-25 11:0:43.2000,49.282671778316576,-122.79460046636278
2021-11-25 11:0:44.1670,49.28267221869092,-122.79455269990459
2021-11-25 11:0:45.1480,49.282676771991504,-122.79452185717615
2021-11-25 11:0:46.1760,49.28267517395747,-122.79450292636007
2021-11-25 11:0:47.1600,49.2826842727858,-122.7944746433688
2021-11-25 11:0:48.1730,49.28268607236794,-122.79444090885187
2021-11-25 11:0:49.2070,49.28269235760182,-122.79441029892159
2021-11-25 11:0:50.1960,49.282695051068316,-122.7943931149308
2021-11-25 11:0:51.1970,49.282664444227734,-122.79438777058301
2021-11-25 11:0:52.1720,49.28266468906569,-122.79437388171179
2021-11-25 11:0:53.2000,49.28266559167767,-122.79435621759403
2021-11-25 11:0:54.1950,49.2826662359799,-122.79433185531205
2021-11-25 11:0:55.1960,49.28266753919138,-122.7943052631657
2021-11-25 11:0:56.1870,49.282727204884665,-122.79417264839823
2021-11-25 11:0:57.2060,49.282822748499775,-122.7944139846042
2021-11-25 11:0:58.2030,49.282855798670795,-122.79443108875667
2021-11-25 11:0:59.1970,49.282880595942466,-122.79442746891158
2021-11-25 11:1:00.1860,49.28290272512475,-122.79442423854766
2021-11-25 11:1:01.1970,49.28292221919753,-122.7944156602713
2021-11-25 11:1:02.1990,49.282939339141535,-122.79440915194775
2021-11-25 11:1:03.2000,49.28295203517856,-122.79442605165326
2021-11-25 11:1:04.2010,49.28295670303047,-122.79443555074864
2021-11-25 11:1:05.1940,49.28295842984694,-122.79442465020935
2021-11-25 11:1:06.1980,49.28297140030089,-122.79442312077997
2021-11-25 11:1:07.2100,49.28298919057614,-122.79442102301392
2021-11-25 11:1:08.2040,49.28300436451409,-122.79441923375286
2021-11-25 11:1:09.1910,49.28301374460577,-122.79441812768378
2021-11-25 11:1:10.2000,49.28306753811028,-122.79442608362736
2021-11-25 11:1:11.2090,49.2830674587331,-122.79444349409215
2021-11-25 11:1:12.1990,49.28308823275029,-122.7944345002834
2021-11-25 11:1:13.2070,49.283065634951114,-122.79442435133645
2021-11-25 11:1:14.1600,49.28305142453246,-122.79442235609665
2021-11-25 11:1:15.2050,49.28308801608102,-122.79441647759774
2021-11-25 11:1:16.2020,49.28299018668139,-122.79452936655674
2021-11-25 11:1:17.1900,49.28295636831637,-122.79453349889465
2021-11-25 11:1:18.1900,49.282925037689616,-122.79453792940967
2021-11-25 11:1:19.1990,49.28289446177084,-122.79453648471764
2021-11-25 11:1:20.1970,49.282875254401034,-122.794550224844
2021-11-25 11:1:21.1990,49.28285610378812,-122.79453907757323
2021-11-25 11:1:22.1830,49.28284149863081,-122.7945391106975
2021-11-25 11:1:23.1940,49.28282871916263,-122.79454164414828
2021-11-25 11:1:24.1930,49.28282040441625,-122.79452848753603
2021-11-25 11:1:25.1960,49.28281196921493,-122.7945248385145
2021-11-25 11:1:26.1950,49.282802586623006,-122.79453292402393
2021-11-25 11:1:27.2070,49.282784424064204,-122.79452552901367
2021-11-25 11:1:28.2070,49.28276027356214,-122.79457176830739
2021-11-25 11:1:29.1880,49.282742507492436,-122.79465796942391
2021-11-25 11:1:30.1920,49.28272498523249,-122.7947743772578
2021-11-25 11:1:31.1990,49.28271993522655,-122.79489292651267
2021-11-25 11:1:32.1740,49.2827201365747,-122.79499259501331
2021-11-25 11:1:33.1690,49.282732297455254,-122.79509660138393
2021-11-25 11:1:34.1960,49.28274086314514,-122.79520461341777
2021-11-25 11:1:35.1990,49.282748389609345,-122.79530115838084
2021-11-25 11:1:36.1970,49.2827477772831,-122.79541002504527
2021-11-25 11:1:37.2000,49.28274882389122,-122.7955222549349
2021-11-25 11:1:38.1970,49.2827460829803,-122.79563576482575
2021-11-25 11:1:39.2010,49.282739026948306,-122.7957308375173
2021-11-25 11:1:40.1950,49.28273459805876,-122.79582654950353
2021-11-25 11:1:41.1980,49.28273761030745,-122.79589988084099
2021-11-25 11:1:42.2070,49.282747792712705,-122.79595847074548
2021-11-25 11:1:43.1970,49.28276204489236,-122.79601517646627
2021-11-25 11:1:44.2010,49.2827939898699,-122.79603942505655
2021-11-25 11:1:45.2010,49.28283967445714,-122.79605158347273
2021-11-25 11:1:46.1980,49.28289066114874,-122.79603805205942
2021-11-25 11:1:47.1890,49.282943189759166,-122.79604622017641
2021-11-25 11:1:48.1880,49.28300207709287,-122.79604667731905
2021-11-25 11:1:49.1990,49.283066139450874,-122.79604517176088
2021-11-25 11:1:50.1920,49.28313760692805,-122.79604303287712
2021-11-25 11:1:51.1590,49.283213478313876,-122.79600986860007
2021-11-25 11:1:52.1950,49.28330835380918,-122.79596989050121
2021-11-25 11:1:53.1990,49.28339692546307,-122.79594598967257
2021-11-25 11:1:54.1930,49.28346630584783,-122.79596999293491
2021-11-25 11:1:55.2000,49.28353187803349,-122.79596286096589
2021-11-25 11:1:56.1590,49.28359801818292,-122.79593279003134
2021-11-25 11:1:57.2040,49.283677343779935,-122.79593117148734
2021-11-25 11:1:58.2020,49.28375232703257,-122.79593181848969
2021-11-25 11:1:59.1920,49.28382106973294,-122.79593268913838
2021-11-25 11:2:00.1890,49.28388111855264,-122.79593389343155
2021-11-25 11:2:01.1980,49.2839367322873,-122.79593419655737
2021-11-25 11:2:02.1910,49.28400325939387,-122.79595297483888
2021-11-25 11:2:03.1720,49.28405829845451,-122.79594776450251
2021-11-25 11:2:04.1580,49.284096369633204,-122.79594537199982
2021-11-25 11:2:05.1740,49.284122110868076,-122.79591677916098
2021-11-25 11:2:06.1720,49.284131691776814,-122.79593750887018
2021-11-25 11:2:07.1690,49.284140399405096,-122.79592336779541
2021-11-25 11:2:08.1730,49.284149344625966,-122.79591863724923
2021-11-25 11:2:09.1710,49.284159971495285,-122.79590911099314
2021-11-25 11:2:10.1690,49.28417576073044,-122.7958981671506
2021-11-25 11:2:11.1690,49.284207265235075,-122.79587517729068
2021-11-25 11:2:12.1860,49.284249404902575,-122.79578787908463
2021-11-25 11:2:13.1980,49.28424830193736,-122.79569315210928
2021-11-25 11:2:14.1820,49.284246293726916,-122.79557664904313
2021-11-25 11:2:15.1990,49.28423130006281,-122.7954528833815
2021-11-25 11:2:16.1850,49.28423214070022,-122.7953153829098
2021-11-25 11:2:17.2020,49.2842392080084,-122.79517764024631
2021-11-25 11:2:18.1980,49.28423534271693,-122.7950629059398
2021-11-25 11:2:19.1950,49.28422003500207,-122.79495679143524
2021-11-25 11:2:20.2000,49.28418391497972,-122.7948555726743
2021-11-25 11:2:21.2080,49.28413453509333,-122.79475815123335
2021-11-25 11:2:22.1990,49.28408431561707,-122.79465822465039
2021-11-25 11:2:23.1940,49.2840351204214,-122.794560547385
2021-11-25 11:2:24.1870,49.28398550573222,-122.7944725789713
2021-11-25 11:2:25.2000,49.28393609917293,-122.79438540418171
2021-11-25 11:2:26.1830,49.28388678840138,-122.79429768046887
2021-11-25 11:2:27.2030,49.2838413725498,-122.79420316349199
2021-11-25 11:2:28.2060,49.28378220734465,-122.79411516854613
2021-11-25 11:2:29.1960,49.28375366882153,-122.79399706977205
2021-11-25 11:2:30.1990,49.28375500356624,-122.79387727499399
2021-11-25 11:2:31.2060,49.283750474665474,-122.79376516519503
2021-11-25 11:2:32.2070,49.28374781532349,-122.79366193295091
2021-11-25 11:2:33.2070,49.28374614195244,-122.79357069983344
2021-11-25 11:2:34.2000,49.283744504182216,-122.7934936580364
2021-11-25 11:2:35.1620,49.28374765648149,-122.79343148190425
2021-11-25 11:2:36.1640,49.28375147705181,-122.79338255878211
2021-11-25 11:2:37.1610,49.283751274966306,-122.79337156063586
2021-11-25 11:2:38.1710,49.283759267889316,-122.79338912979004
2021-11-25 11:2:39.1700,49.2837594209256,-122.79340009445933
2021-11-25 11:2:40.1580,49.283761298450194,-122.79340127709091
2021-11-25 11:2:41.1620,49.283752253982684,-122.79340316953967
2021-11-25 11:2:42.1710,49.28374401844493,-122.79340168869959
2021-11-25 11:2:43.1260,49.28373816100566,-122.79339503772063
2021-11-25 11:2:44.1650,49.28374012916515,-122.79338575807274
2021-11-25 11:2:45.1690,49.28374539488025,-122.79337713780025
2021-11-25 11:2:46.1690,49.28374455419067,-122.79336752787957
2021-11-25 11:2:47.1710,49.28374977235944,-122.79336193450291
2021-11-25 11:2:48.1720,49.283749540178306,-122.79335017428876
2021-11-25 11:2:49.1720,49.2837488837492,-122.79333554253948
2021-11-25 11:2:50.1670,49.28375030651948,-122.79331461304925
2021-11-25 11:2:51.1670,49.28374046484555,-122.79329369910809
2021-11-25 11:2:52.2010,49.28372214214905,-122.79327278746287
2021-11-25 11:2:53.2010,49.2837084725447,-122.79326091047908
2021-11-25 11:2:54.1900,49.28360925476089,-122.79324670295868
2021-11-25 11:2:55.1850,49.283535312928166,-122.79328258612635
2021-11-25 11:2:56.1720,49.28344610693338,-122.79330279940822
2021-11-25 11:2:57.2020,49.28335407970755,-122.79329584251794
2021-11-25 11:2:58.2030,49.283265730639755,-122.79327166357011
2021-11-25 11:2:59.2030,49.2831702223792,-122.7932661718811
2021-11-25 11:3:00.1910,49.28306692005143,-122.7932593944208
2021-11-25 11:3:01.2060,49.282963799421786,-122.79327521659839
2021-11-25 11:3:02.2050,49.282866620234444,-122.7932878987731
2021-11-25 11:3:03.1860,49.28277432267792,-122.79329987758773
2021-11-25 11:3:04.1910,49.28268349280125,-122.79332017333512
2021-11-25 11:3:05.2010,49.28259463916416,-122.79332703848537
2021-11-25 11:3:06.1980,49.28251101920952,-122.79333859056263
2021-11-25 11:3:07.1930,49.282429457173386,-122.793323166367
2021-11-25 11:3:08.1850,49.28235299098228,-122.79331443407362
2021-11-25 11:3:09.2020,49.28228135220286,-122.7933093152137
2021-11-25 11:3:10.1960,49.2822173694227,-122.79330659116988
2021-11-25 11:3:11.2010,49.28216375931606,-122.79330921858467
2021-11-25 11:3:12.1990,49.28212152311863,-122.79331857598287
2021-11-25 11:3:13.2000,49.28208581796878,-122.79331119721752
2021-11-25 11:3:14.1930,49.28205225812038,-122.79330817596853
2021-11-25 11:3:15.2000,49.282025523955134,-122.7933111719598
2021-11-25 11:3:16.2030,49.28200717798585,-122.79330648123006
2021-11-25 11:3:17.2020,49.281990685627115,-122.79331191482497
2021-11-25 11:3:18.2020,49.281985054363986,-122.79331269563298
2021-11-25 11:3:19.2010,49.28198410251166,-122.7933126600398
2021-11-25 11:3:20.1960,49.28198345880624,-122.79331315609473
2021-11-25 11:3:21.2030,49.28198077781006,-122.79331711352198
2021-11-25 11:3:22.2010,49.281978323654265,-122.79331743963404
2021-11-25 11:3:23.2030,49.28196992957642,-122.79332266365212
2021-11-25 11:3:24.2020,49.281961544630335,-122.79333241183032
2021-11-25 11:3:25.2030,49.2819478561435,-122.79334843494195
2021-11-25 11:3:26.1780,49.28193083399402,-122.7933619805037
2021-11-25 11:3:27.2150,49.28189765334431,-122.79333920394305
2021-11-25 11:3:28.1970,49.2818404277367,-122.79334064250459
2021-11-25 11:3:29.1980,49.2817664471404,-122.79334209645526
2021-11-25 11:3:30.1910,49.28168494079242,-122.793343698312
2021-11-25 11:3:31.2010,49.2815928403793,-122.79334490358306
2021-11-25 11:3:32.1970,49.28149372443633,-122.7933457377897
2021-11-25 11:3:33.2000,49.28138381759427,-122.79334707054468
2021-11-25 11:3:34.1980,49.28128136226492,-122.79336197680426
2021-11-25 11:3:35.2090,49.28118782368155,-122.79336246008603
2021-11-25 11:3:36.2040,49.28110007198031,-122.79335999217703
2021-11-25 11:3:37.2090,49.281010188278586,-122.79338948319442
2021-11-25 11:3:38.2050,49.280918094264116,-122.79338745309852
2021-11-25 11:3:39.2020,49.28082100152315,-122.7934178718666
2021-11-25 11:3:40.2010,49.280744893389084,-122.79351094552739
2021-11-25 11:3:41.2090,49.28066835444986,-122.79355393053562
2021-11-25 11:3:42.2050,49.280596948283794,-122.7935933378131
2021-11-25 11:3:43.2040,49.28052536538874,-122.79364319614237
2021-11-25 11:3:44.1980,49.28044580386156,-122.79368110278743
2021-11-25 11:3:45.2060,49.2803668549677,-122.79372879696244
2021-11-25 11:3:46.2070,49.280284630581036,-122.79378352440305
2021-11-25 11:3:47.2080,49.28019679863161,-122.79384231493898
2021-11-25 11:3:48.1980,49.28010508648381,-122.79389933578494
2021-11-25 11:3:49.2110,49.280017880627476,-122.79396572617065
2021-11-25 11:3:50.2020,49.27993735940674,-122.79403147559007
2021-11-25 11:3:51.2020,49.27986635880166,-122.79409089885353
2021-11-25 11:3:52.2050,49.27979987176434,-122.79414093951587
2021-11-25 11:3:53.2100,49.27973845956057,-122.79418639035465
2021-11-25 11:3:54.2140,49.279678722498986,-122.79421042596485
2021-11-25 11:3:55.2120,49.27962020953285,-122.7942010524145
2021-11-25 11:3:56.2030,49.279574044703295,-122.79415017173424
2021-11-25 11:3:57.2060,49.279535511486884,-122.7940487429904
2021-11-25 11:3:58.2020,49.279499981579065,-122.79393959815295
2021-11-25 11:3:59.2040,49.279476872019664,-122.79381933352144
2021-11-25 11:4:00.1830,49.27944775921276,-122.79370508974948
2021-11-25 11:4:01.2100,49.27942043561068,-122.79359700531523
2021-11-25 11:4:02.1980,49.279396417895526,-122.79349425623575
2021-11-25 11:4:03.1940,49.27937815314368,-122.793399733994
2021-11-25 11:4:04.2010,49.27934273289982,-122.79333028358666
2021-11-25 11:4:05.1680,49.2793390999806,-122.79324954827648
2021-11-25 11:4:06.1680,49.27931564060425,-122.7931914793032
2021-11-25 11:4:07.1720,49.27929879284363,-122.7931438623465
2021-11-25 11:4:08.1720,49.27928378475837,-122.79309810889815
2021-11-25 11:4:09.1740,49.27925926255743,-122.79305740686651
2021-11-25 11:4:10.2030,49.279200846658,-122.79304578291777
2021-11-25 11:4:11.2030,49.27912472414654,-122.79305444086191
2021-11-25 11:4:12.1980,49.27904612752867,-122.79306495063585
2021-11-25 11:4:13.1950,49.27896621971763,-122.79308714636905
2021-11-25 11:4:14.2020,49.278878556692156,-122.79310681745967
2021-11-25 11:4:15.2100,49.278783993023936,-122.7931237364941
2021-11-25 11:4:16.2000,49.27868699253772,-122.79313272526164
2021-11-25 11:4:17.1910,49.27859314739235,-122.79315133313722
2021-11-25 11:4:18.2040,49.27849923198703,-122.79316868404437
2021-11-25 11:4:19.2060,49.27839821981838,-122.79318424059517
2021-11-25 11:4:20.2020,49.278298013542845,-122.7932086122817
2021-11-25 11:4:21.2050,49.27819573976624,-122.79322524851848
2021-11-25 11:4:22.2010,49.27809469890958,-122.7932368304977
2021-11-25 11:4:23.2030,49.2779979888788,-122.79324702424401
2021-11-25 11:4:24.2070,49.27790662098729,-122.79325557909875
2021-11-25 11:4:25.2040,49.27782855479004,-122.7932673957297
2021-11-25 11:4:26.2100,49.277765949448046,-122.7932761160512
2021-11-25 11:4:27.2170,49.27770562250657,-122.79328395795883
2021-11-25 11:4:28.1890,49.277645277877525,-122.793222283524
2021-11-25 11:4:29.1890,49.27758990919272,-122.79322228352473
2021-11-25 11:4:30.1900,49.277543159220826,-122.79322323469631
2021-11-25 11:4:31.2070,49.277520598305195,-122.79324425597473
2021-11-25 11:4:32.2020,49.27756007987089,-122.7934316436579
2021-11-25 11:4:33.2040,49.27750619730373,-122.79361002647526
2021-11-25 11:4:34.2110,49.277543967872866,-122.79375069101746
2021-11-25 11:4:35.1990,49.27758749268278,-122.7939008674253
2021-11-25 11:4:36.2020,49.27763846302327,-122.79404384272698
2021-11-25 11:4:37.2020,49.277694475607326,-122.79419646265241
2021-11-25 11:4:38.2210,49.27775051605271,-122.79434827610518
2021-11-25 11:4:39.2010,49.27780825505171,-122.79449460068827
2021-11-25 11:4:40.2060,49.27798120242316,-122.79453461235038
2021-11-25 11:4:41.1990,49.27803108026388,-122.79466410889567
2021-11-25 11:4:42.1970,49.278080076862416,-122.79479054114036
2021-11-25 11:4:43.1880,49.2781226296422,-122.7948991015787
2021-11-25 11:4:44.1970,49.278164155107795,-122.79499932065062
2021-11-25 11:4:45.1960,49.27819896779053,-122.79508364397974
2021-11-25 11:4:46.1850,49.278233798173446,-122.79516632890748
2021-11-25 11:4:47.1660,49.278266840972016,-122.79524591967247
2021-11-25 11:4:48.1650,49.278300725434804,-122.79532684729475
2021-11-25 11:4:49.1690,49.278334696841206,-122.79541016574393
2021-11-25 11:4:50.1590,49.278181011202605,-122.79563882865578
2021-11-25 11:4:51.1990,49.278156760670086,-122.79574186904708
2021-11-25 11:4:52.1990,49.27807863705707,-122.79579304522893
2021-11-25 11:4:53.1900,49.27798603142846,-122.7958816109442
2021-11-25 11:4:54.1960,49.27788627289805,-122.7959761092557
2021-11-25 11:4:55.1950,49.277784559772854,-122.79606597200866
2021-11-25 11:4:56.1980,49.27768292003999,-122.79615273239943
2021-11-25 11:4:57.1940,49.277579090959954,-122.79623912027513
2021-11-25 11:4:58.2000,49.277475459996595,-122.79632512305889
2021-11-25 11:4:59.1950,49.27737766812441,-122.79640662193064
2021-11-25 11:5:00.1870,49.277281898767605,-122.7964879289103
2021-11-25 11:5:01.1970,49.27718952255649,-122.79656893297238
2021-11-25 11:5:02.2000,49.277101598190185,-122.79664804379252
2021-11-25 11:5:03.1980,49.277016898312795,-122.79672675012186
2021-11-25 11:5:04.1840,49.27693389410635,-122.79680405979076
2021-11-25 11:5:05.2020,49.27686394697873,-122.79686982689334
2021-11-25 11:5:06.2020,49.27680461473595,-122.79692593275092
2021-11-25 11:5:07.1530,49.276754252037904,-122.7969735776939
2021-11-25 11:5:08.1550,49.27671667868634,-122.79700943656275
2021-11-25 11:5:09.1560,49.2766894269223,-122.79703544491638
2021-11-25 11:5:10.2120,49.27666816075461,-122.7970557407689
2021-11-25 11:5:11.2020,49.276654536808934,-122.79706874308427
2021-11-25 11:5:12.1720,49.2766465225188,-122.79707639170411
2021-11-25 11:5:13.1760,49.276640126521244,-122.79708249587038
2021-11-25 11:5:14.1730,49.276637200247805,-122.79708528862623
2021-11-25 11:5:15.1970,49.276635763029816,-122.79708754641386
2021-11-25 11:5:16.2000,49.27663486532468,-122.79708840316535
2021-11-25 11:5:17.2020,49.276691112446535,-122.79722265943282
2021-11-25 11:5:18.2020,49.27668286458966,-122.79720614679388
2021-11-25 11:5:19.2060,49.27668437847606,-122.79720504871254
2021-11-25 11:5:20.1720,49.276684647390084,-122.79720598909745
2021-11-25 11:5:21.2010,49.276681971548825,-122.79720555208067
2021-11-25 11:5:22.1770,49.27668353822391,-122.79720329584427
2021-11-25 11:5:23.1960,49.27667929632138,-122.79720386265069
2021-11-25 11:5:24.1690,49.27667894155637,-122.79720488109069
2021-11-25 11:5:25.1990,49.2766791106893,-122.79720870287137
2021-11-25 11:5:26.1770,49.27667473868126,-122.79720146036237
2021-11-25 11:5:27.1750,49.27667204407535,-122.79719749372782
2021-11-25 11:5:28.1770,49.27667231502707,-122.79719793288228
2021-11-25 11:5:29.1680,49.27666490163908,-122.79719556912721
2021-11-25 11:5:30.1740,49.27665458108093,-122.79720665588341
2021-11-25 11:5:31.1970,49.276641958459145,-122.79722780591041
2021-11-25 11:5:32.1740,49.27662425413145,-122.7972692828895
2021-11-25 11:5:33.1980,49.276594873084264,-122.79733087543123
2021-11-25 11:5:34.2020,49.27655305710445,-122.7974010357219
2021-11-25 11:5:35.1550,49.27651991502103,-122.79749442187828
2021-11-25 11:5:36.1650,49.27653075731701,-122.79760195678234
2021-11-25 11:5:37.1650,49.276531802033006,-122.79772098407689
2021-11-25 11:5:38.1540,49.27651781977382,-122.79784965878048
2021-11-25 11:5:39.2010,49.27654992814151,-122.79798867934718
2021-11-25 11:5:40.1980,49.27658437169556,-122.7981579067022
2021-11-25 11:5:41.1900,49.276637943594935,-122.79833255288423
2021-11-25 11:5:42.1950,49.27667794178372,-122.79852125990213
2021-11-25 11:5:43.2020,49.276740174660965,-122.79870276113701
2021-11-25 11:5:44.1970,49.27678982068981,-122.79889983918592
2021-11-25 11:5:45.1960,49.2768306611555,-122.79910291333628
2021-11-25 11:5:46.2010,49.27686463404236,-122.79929943737804
2021-11-25 11:5:47.1970,49.276883045956296,-122.79949434965698
2021-11-25 11:5:48.1950,49.27692232814817,-122.799668803076
2021-11-25 11:5:49.1890,49.276956893507105,-122.79983037860119
2021-11-25 11:5:50.1970,49.27699085427463,-122.79997795381132
2021-11-25 11:5:51.2110,49.2770205076424,-122.80011303170173
2021-11-25 11:5:52.1950,49.27704752064115,-122.80023152244979
2021-11-25 11:5:53.1860,49.27707734149629,-122.80033140042207
2021-11-25 11:5:54.1940,49.27709757276817,-122.80042016788235
2021-11-25 11:5:55.1890,49.27711776658446,-122.80049097414721
2021-11-25 11:5:56.1570,49.2771355524987,-122.80055002621293
2021-11-25 11:5:57.1740,49.277145879212796,-122.80060432840835
2021-11-25 11:5:58.1670,49.277149475957074,-122.80065773709617
2021-11-25 11:5:59.1650,49.27715263026202,-122.80069156386173
2021-11-25 11:6:00.1220,49.27717024846216,-122.8007015655101
2021-11-25 11:6:01.1990,49.27718323654035,-122.80069720206146
2021-11-25 11:6:02.1930,49.277188750820024,-122.80069143402879
2021-11-25 11:6:03.1560,49.27718840894302,-122.80069001155248
2021-11-25 11:6:04.1660,49.27718559079486,-122.80069199106629
2021-11-25 11:6:05.1660,49.27717491152967,-122.80071006957392
2021-11-25 11:6:06.1620,49.27717552008171,-122.80070554123934
2021-11-25 11:6:07.1580,49.277177170843025,-122.8007079377929
2021-11-25 11:6:08.1600,49.27716004610659,-122.8007280696426
2021-11-25 11:6:09.1630,49.2771543917077,-122.80073202192816
2021-11-25 11:6:10.1690,49.27715189826646,-122.80073574697064
2021-11-25 11:6:11.1610,49.27715193962669,-122.80073433113327
2021-11-25 11:6:12.1720,49.277156059415134,-122.80073657040474
2021-11-25 11:6:13.1630,49.27715961576428,-122.80073668574573
2021-11-25 11:6:14.1570,49.27716052287933,-122.80073786752413
2021-11-25 11:6:15.1560,49.277155791002215,-122.8007434059669
2021-11-25 11:6:16.1560,49.277150959621544,-122.80074950809326
2021-11-25 11:6:17.1630,49.277148063531065,-122.80075400635846
2021-11-25 11:6:18.1630,49.27715378032299,-122.80075208232381
2021-11-25 11:6:19.1670,49.27715422418649,-122.80075181124421
2021-11-25 11:6:20.1620,49.27715784390428,-122.80075208328977
2021-11-25 11:6:21.1650,49.27715467675363,-122.80076064916271
2021-11-25 11:6:22.1570,49.27715467675363,-122.80076064916271
2021-11-25 11:6:23.1570,49.27715467675363,-122.80076064916271
2021-11-25 11:6:24.1720,49.27715467675363,-122.80076064916271
2021-11-25 11:6:25.1630,49.27715467675363,-122.80076064916271
2021-11-25 11:6:26.1630,49.27715467675363,-122.80076064916271
2021-11-25 11:6:27.1730,49.27715467675363,-122.80076064916271
2021-11-25 11:6:28.1510,49.27715321362209,-122.80077106850884
2021-11-25 11:6:29.1590,49.27716111676914,-122.80076884420136
2021-11-25 11:6:30.1620,49.277163557310324,-122.80076820481989
2021-11-25 11:6:31.1640,49.27716207448118,-122.80077056996612
2021-11-25 11:6:32.1620,49.27716016717819,-122.80077479574558
2021-11-25 11:6:33.1550,49.27716245134986,-122.80077516262955
2021-11-25 11:6:34.1620,49.27716537661974,-122.80077349178576
2021-11-25 11:6:35.1650,49.277166124464394,-122.80077282690088
2021-11-25 11:6:36.1590,49.27716899397529,-122.80077253471121
2021-11-25 11:6:37.1680,49.2771727423144,-122.80077399357477
2021-11-25 11:6:38.1610,49.27717603436674,-122.80077667066011
2021-11-25 11:6:39.1620,49.27718212019125,-122.80077598483034
2021-11-25 11:6:40.1640,49.27717813017063,-122.80078000533057
2021-11-25 11:6:41.1660,49.27718503359452,-122.80077917777399
2021-11-25 11:6:42.1650,49.27718649143705,-122.80078395196203
2021-11-25 11:6:43.1680,49.277187904619296,-122.80079710167036
2021-11-25 11:6:44.1680,49.27718431968014,-122.80083001020851
2021-11-25 11:6:45.1940,49.27717803777499,-122.80089994120661
2021-11-25 11:6:46.1880,49.27718893416508,-122.80100348420777
2021-11-25 11:6:47.1980,49.27721024863045,-122.80112645340003
2021-11-25 11:6:48.1590,49.27723094596335,-122.80126660421621
2021-11-25 11:6:49.2000,49.27726662708511,-122.80141833408227
2021-11-25 11:6:50.1890,49.27729202307776,-122.8015845625761
2021-11-25 11:6:51.2190,49.27731867293488,-122.80175403151098
2021-11-25 11:6:52.1910,49.27734603484618,-122.80192768696173
2021-11-25 11:6:53.1910,49.277375528731405,-122.80210659779331
2021-11-25 11:6:54.2000,49.277404791957395,-122.80229096805353
2021-11-25 11:6:55.2010,49.27743248905912,-122.80247743150493
2021-11-25 11:6:56.1940,49.27746057085923,-122.80266669101675
2021-11-25 11:6:57.1990,49.27748792596083,-122.8028582304306
2021-11-25 11:6:58.1970,49.27751543750597,-122.80305274431213
2021-11-25 11:6:59.1960,49.277542988856055,-122.80325098625109
2021-11-25 11:7:00.1870,49.27757094025265,-122.80345547900941
2021-11-25 11:7:01.1910,49.277598115388344,-122.8036648449503
2021-11-25 11:7:02.2060,49.27762370407535,-122.80387694198592
2021-11-25 11:7:03.1950,49.27764724398914,-122.80409175926852
2021-11-25 11:7:04.1890,49.27767178601413,-122.80430928358959
2021-11-25 11:7:05.1960,49.27769429203745,-122.80452846090418
2021-11-25 11:7:06.2030,49.27771759080118,-122.80474617472443
2021-11-25 11:7:07.1980,49.277740106647904,-122.8049652396328
2021-11-25 11:7:08.1950,49.27776229929246,-122.80518529800277
2021-11-25 11:7:09.2050,49.27778016426607,-122.8054057839581
2021-11-25 11:7:10.1920,49.27779722460008,-122.8056254962061
2021-11-25 11:7:11.1880,49.277813290780074,-122.80584115029208
2021-11-25 11:7:12.1910,49.27782604220778,-122.80605136000953
2021-11-25 11:7:13.1840,49.27783747327326,-122.80625435936834
2021-11-25 11:7:14.2330,49.27784751782431,-122.80644463443042
2021-11-25 11:7:15.1910,49.27785536281178,-122.80662397494494
2021-11-25 11:7:16.2010,49.277860996628654,-122.8067968403223
2021-11-25 11:7:17.2040,49.27786167253529,-122.80696471678657
2021-11-25 11:7:18.1910,49.27786003705739,-122.80712904804652
2021-11-25 11:7:19.1990,49.27785670529738,-122.80728873542138
2021-11-25 11:7:20.1700,49.277854750384,-122.80743775033118
2021-11-25 11:7:21.2010,49.2778556858886,-122.80757215861549
2021-11-25 11:7:22.1910,49.27785700206871,-122.80769326834941
2021-11-25 11:7:23.1760,49.27786088052687,-122.80779892472471
2021-11-25 11:7:24.1790,49.27786308100907,-122.80788545971454
2021-11-25 11:7:25.1560,49.27786358249109,-122.80795735806974
2021-11-25 11:7:26.1680,49.277865407490125,-122.80802087027214
2021-11-25 11:7:27.1740,49.27786052009877,-122.80807179889929
2021-11-25 11:7:28.1610,49.277857831196776,-122.80811010030666
2021-11-25 11:7:29.1680,49.277859732440824,-122.80813510522034
2021-11-25 11:7:30.1660,49.27786326673813,-122.8081467773422
2021-11-25 11:7:31.1630,49.27786722415481,-122.8081467682469
2021-11-25 11:7:32.1610,49.27786907511965,-122.80814302102394
2021-11-25 11:7:33.1680,49.2778721102446,-122.80813658048348
2021-11-25 11:7:34.1610,49.27787169701936,-122.80813669452947
2021-11-25 11:7:35.1650,49.27786609260474,-122.80813875897378
2021-11-25 11:7:36.1560,49.27786470578496,-122.8081507913707
2021-11-25 11:7:37.1640,49.27785960964502,-122.80818407511497
2021-11-25 11:7:38.1650,49.27786929793283,-122.80823602293806
2021-11-25 11:7:39.1630,49.27786929793294,-122.8082989485417
2021-11-25 11:7:40.1830,49.27786231577,-122.80836196778785
2021-11-25 11:7:41.1940,49.27774365176623,-122.80840696530132
2021-11-25 11:7:42.1950,49.27768036529828,-122.80842723842377
2021-11-25 11:7:43.1980,49.27761042268638,-122.80843061758992
2021-11-25 11:7:44.1950,49.27753653695171,-122.80841386804299
2021-11-25 11:7:45.1910,49.277461254210124,-122.80840536407548
2021-11-25 11:7:46.1920,49.277388912573095,-122.8083989922079
2021-11-25 11:7:47.1950,49.27732347027419,-122.80840088760428
2021-11-25 11:7:48.1960,49.27726683729883,-122.80840404952939
2021-11-25 11:7:49.1720,49.27721585646688,-122.80840184348786
2021-11-25 11:7:50.1700,49.277175136256346,-122.80839840539485
2021-11-25 11:7:51.1750,49.27714036608263,-122.808396444536
2021-11-25 11:7:52.1910,49.277082647561386,-122.80829478655687
2021-11-25 11:7:53.1910,49.277082647561244,-122.80820561609865
2021-11-25 11:7:54.1980,49.27709207674569,-122.8080991355298
2021-11-25 11:7:55.1940,49.27708821926608,-122.80797834097666
2021-11-25 11:7:56.2020,49.27708702893457,-122.80785082608845
2021-11-25 11:7:57.1980,49.27708629890273,-122.80771952619024
2021-11-25 11:7:58.1950,49.27709228831688,-122.8075875677818
2021-11-25 11:7:59.1910,49.277094393091396,-122.80745219505171
2021-11-25 11:8:00.1820,49.27707739706738,-122.80731614852961
2021-11-25 11:8:01.1960,49.277077397065874,-122.80718009861354
2021-11-25 11:8:02.1910,49.2770765221263,-122.80704566618809
2021-11-25 11:8:03.1910,49.27707652212595,-122.80691179557843
2021-11-25 11:8:04.1980,49.27707547607179,-122.8067813463056
2021-11-25 11:8:05.1940,49.2770756471883,-122.80665371421198
2021-11-25 11:8:06.1940,49.2770750028912,-122.80653032359963
2021-11-25 11:8:07.1940,49.27707477225191,-122.80640730661253
2021-11-25 11:8:08.1900,49.277073038539854,-122.80628774864529
2021-11-25 11:8:09.1980,49.27708997298277,-122.80616721453153
2021-11-25 11:8:10.1960,49.277086361399334,-122.80604826385351
2021-11-25 11:8:11.1910,49.27708391803006,-122.80592699087302
2021-11-25 11:8:12.2040,49.27708284235649,-122.80580432059719
2021-11-25 11:8:13.1870,49.27708239552151,-122.80567817542645
2021-11-25 11:8:14.1900,49.27708812179037,-122.80555025847052
2021-11-25 11:8:15.1910,49.27708108317726,-122.80542134986638
2021-11-25 11:8:16.1960,49.2770755315367,-122.80529043297523
2021-11-25 11:8:17.1910,49.27707023251863,-122.80515359030545
2021-11-25 11:8:18.1960,49.277065684627814,-122.80501231490291
2021-11-25 11:8:19.1910,49.27706297922567,-122.80486556620885
2021-11-25 11:8:20.1940,49.27706610343753,-122.80471521600882
2021-11-25 11:8:21.2090,49.277064662115194,-122.80456381581334
2021-11-25 11:8:22.1950,49.277058868921266,-122.80441144579723
2021-11-25 11:8:23.1920,49.27705325676153,-122.80425761501951
2021-11-25 11:8:24.1960,49.27705261745844,-122.80410744173307
2021-11-25 11:8:25.1610,49.277052338143754,-122.80395744015053
2021-11-25 11:8:26.1990,49.27705867322263,-122.80381231971195
2021-11-25 11:8:27.2080,49.27706015308989,-122.80367233479818
2021-11-25 11:8:28.1620,49.277062235917406,-122.80354709780627
2021-11-25 11:8:29.2000,49.277061461958944,-122.80344222795439
2021-11-25 11:8:30.1980,49.27706112090586,-122.80335629571724
2021-11-25 11:8:31.2050,49.27706246724371,-122.80328997862902
2021-11-25 11:8:32.1640,49.27707396982918,-122.80323998684389
2021-11-25 11:8:33.1930,49.27708824187858,-122.80319999491626
2021-11-25 11:8:34.1910,49.2771078572531,-122.80317584680384
2021-11-25 11:8:35.1940,49.2771269673209,-122.80316160453562
2021-11-25 11:8:36.1950,49.27714308795931,-122.80315168159217
2021-11-25 11:8:37.1920,49.27715348502323,-122.80314804126232
2021-11-25 11:8:38.1670,49.27715663034299,-122.80314819642118
2021-11-25 11:8:39.1610,49.277156220648344,-122.80315016389955
2021-11-25 11:8:40.1640,49.27715660155079,-122.80315594182656
2021-11-25 11:8:41.1610,49.27715427393027,-122.80314032236619
2021-11-25 11:8:42.1660,49.27715584540758,-122.80314190292862
2021-11-25 11:8:43.1710,49.27715841475556,-122.80314441536804
2021-11-25 11:8:44.1680,49.27716019359352,-122.80314247391142
2021-11-25 11:8:45.1640,49.277161309941256,-122.80313824670903
2021-11-25 11:8:46.1710,49.27716148407681,-122.80313875433716
2021-11-25 11:8:47.1710,49.27716228798768,-122.80313709076782
2021-11-25 11:8:48.1620,49.27716398171793,-122.80313932922208
2021-11-25 11:8:49.1580,49.27714763828078,-122.80311802930908
2021-11-25 11:8:50.1270,49.27714818173092,-122.80311694645918
2021-11-25 11:8:51.1710,49.277147078129744,-122.8031191455048
2021-11-25 11:8:52.1640,49.27714639880541,-122.80312049912636
2021-11-25 11:8:53.1610,49.27714600094816,-122.80312129189757
2021-11-25 11:8:54.1680,49.27714456912715,-122.80312414494222
2021-11-25 11:8:55.1640,49.27714403118275,-122.80312521685757
2021-11-25 11:8:56.1620,49.27714610519971,-122.80312108416733
2021-11-25 11:8:57.1680,49.2771487513179,-122.80311581150788
2021-11-25 11:8:58.1630,49.277150957985384,-122.80311141449853
2021-11-25 11:8:59.1650,49.277153280459025,-122.80310678673362
2021-11-25 11:9:00.1600,49.277168073566735,-122.80311764586735
2021-11-25 11:9:01.1630,49.27715596384503,-122.80310143981409
2021-11-25 11:9:02.1680,49.27715552036008,-122.80310232350297
2021-11-25 11:9:03.1730,49.27715501924344,-122.80310332202883
2021-11-25 11:9:04.1720,49.27715501924344,-122.80310332202883
2021-11-25 11:9:05.1670,49.27715501924344,-122.80310332202883
2021-11-25 11:9:06.1660,49.27715516179218,-122.80310303798602
2021-11-25 11:9:07.1630,49.27715436656956,-122.80310462254795
2021-11-25 11:9:08.1630,49.27715452096414,-122.80310431490108
2021-11-25 11:9:09.1680,49.277156677645756,-122.80310001749373
2021-11-25 11:9:10.1740,49.27715663153663,-122.803100109371
2021-11-25 11:9:11.1690,49.27715504259901,-122.80310327549076
2021-11-25 11:9:12.1600,49.27715429478524,-122.80310476557632
2021-11-25 11:9:13.1680,49.277152149593256,-122.80310904009713
2021-11-25 11:9:14.1730,49.277151358908554,-122.80311061561609
2021-11-25 11:9:15.1630,49.2771505763554,-122.80311217493288
2021-11-25 11:9:16.1740,49.27715234582619,-122.803108649077
2021-11-25 11:9:17.1690,49.277151198858675,-122.8031109345283
2021-11-25 11:9:18.1700,49.27714877060757,-122.80311577306887
2021-11-25 11:9:19.1660,49.27714801578412,-122.80311727713257
2021-11-25 11:9:20.1650,49.277148793930174,-122.80311572659745
2021-11-25 11:9:21.1710,49.277146795409436,-122.8031197088538
2021-11-25 11:9:22.1750,49.27714604796262,-122.80312119820918
2021-11-25 11:9:23.1600,49.27714458298418,-122.80312411733547
2021-11-25 11:9:24.1730,49.27714315710602,-122.80312695854278
2021-11-25 11:9:25.1620,49.27714240851387,-122.80312845019036
2021-11-25 11:9:26.1670,49.27714246308563,-122.8031283414506
2021-11-25 11:9:27.1650,49.27713996384338,-122.80313332144493
2021-11-25 11:9:28.1720,49.277141532992395,-122.8031301947478
2021-11-25 11:9:29.1680,49.27714309047495,-122.80312709130544
2021-11-25 11:9:30.1550,49.27721084362124,-122.80316046548212
2021-11-25 11:9:31.1690,49.277215319261124,-122.80315962298859
2021-11-25 11:9:32.1650,49.277220435924754,-122.80315865983181
2021-11-25 11:9:33.1620,49.27722935482044,-122.80315850620491
2021-11-25 11:9:34.1740,49.277242443907134,-122.80315728285507
2021-11-25 11:9:35.1650,49.27726464601577,-122.80317843404129
2021-11-25 11:9:36.2010,49.27728828601039,-122.80316618451089
2021-11-25 11:9:37.1610,49.27730870381311,-122.80314816226803
2021-11-25 11:9:38.1680,49.2773343162611,-122.80312314123402
2021-11-25 11:9:39.1900,49.277384928275545,-122.80304492533493
2021-11-25 11:9:40.1990,49.27736773953708,-122.8029572927712
2021-11-25 11:9:41.1950,49.27736094374973,-122.80286140515466
2021-11-25 11:9:42.1970,49.277345264157894,-122.80274755963869
2021-11-25 11:9:43.1940,49.27732493987861,-122.8026124716231
2021-11-25 11:9:44.1990,49.277302788322444,-122.80246045955353
2021-11-25 11:9:45.2010,49.27727663922429,-122.80229764610763
2021-11-25 11:9:46.2000,49.277247228907946,-122.80212511554711
2021-11-25 11:9:47.2010,49.277217937833825,-122.80194426957164
2021-11-25 11:9:48.2000,49.27718406609451,-122.80175525642137
2021-11-25 11:9:49.2040,49.27714874404938,-122.80156003360436
2021-11-25 11:9:50.2100,49.27711561838576,-122.80135412102561
2021-11-25 11:9:51.1850,49.27707879737847,-122.8011418846111
2021-11-25 11:9:52.2000,49.27704153303575,-122.80092306383288
2021-11-25 11:9:53.1980,49.27700407386213,-122.80070126706818
2021-11-25 11:9:54.2000,49.276964486874455,-122.80048361058158
2021-11-25 11:9:55.1930,49.27692423429891,-122.80027009291541
2021-11-25 11:9:56.1950,49.2768838171702,-122.8000558368455
2021-11-25 11:9:57.2010,49.27684488866138,-122.7998380047446
2021-11-25 11:9:58.2000,49.2768081929918,-122.79962044335984
2021-11-25 11:9:59.1980,49.27677026844199,-122.79940663746314
2021-11-25 11:10:00.1830,49.27673129910826,-122.7991999240224
2021-11-25 11:10:01.2060,49.27669188242149,-122.79900013232348
2021-11-25 11:10:02.2100,49.27664782451411,-122.79881198995
2021-11-25 11:10:03.1990,49.276605796512534,-122.79863267512728
2021-11-25 11:10:04.1880,49.276560203810256,-122.79846450067778
2021-11-25 11:10:05.2060,49.27652093642464,-122.79830423868107
2021-11-25 11:10:06.1940,49.276480592778476,-122.79815673581295
2021-11-25 11:10:07.1990,49.27644190673747,-122.79802556638431
2021-11-25 11:10:08.2000,49.27641146667415,-122.79790960811097
2021-11-25 11:10:09.1850,49.27638561338446,-122.79781358077173
2021-11-25 11:10:10.2070,49.276363977875526,-122.79774353705479
2021-11-25 11:10:11.1750,49.2763504308699,-122.79769640306321
2021-11-25 11:10:12.1790,49.27634358383546,-122.79767527803757
2021-11-25 11:10:13.1970,49.27634386210508,-122.79767174316949
2021-11-25 11:10:14.2030,49.27634113280291,-122.79766860340962
2021-11-25 11:10:15.1760,49.276337099394844,-122.79766693948932
2021-11-25 11:10:16.1960,49.27633134859051,-122.79766974470115
2021-11-25 11:10:17.1840,49.276327153574975,-122.7976711779519
2021-11-25 11:10:18.1890,49.27632327298875,-122.79767301994393
2021-11-25 11:10:19.1750,49.27631955250247,-122.7976714542666
2021-11-25 11:10:20.1980,49.27631579550133,-122.79767274239818
2021-11-25 11:10:21.1910,49.27630945662028,-122.79767510925595
2021-11-25 11:10:22.2060,49.27630691221427,-122.79767393887116
2021-11-25 11:10:23.1690,49.27630723811467,-122.79767233699634
2021-11-25 11:10:24.2040,49.27630984649525,-122.7976695604327
2021-11-25 11:10:25.1950,49.276311282949464,-122.79767051155879
2021-11-25 11:10:26.1700,49.2763115566457,-122.79767426152947
2021-11-25 11:10:27.1940,49.27631155598973,-122.79767615932704
2021-11-25 11:10:28.2030,49.276310615708205,-122.79767312870675
2021-11-25 11:10:29.1930,49.276310615708205,-122.79767312870675
2021-11-25 11:10:30.2000,49.276310615708205,-122.79767312870675
2021-11-25 11:10:31.1720,49.276310615708205,-122.79767312870675
2021-11-25 11:10:32.2030,49.276310615708205,-122.79767312870675
2021-11-25 11:10:33.1760,49.276310615708205,-122.79767312870675
2021-11-25 11:10:34.1890,49.276310615708205,-122.79767312870675
2021-11-25 11:10:35.1960,49.276310615708205,-122.79767312870675
2021-11-25 11:10:36.1880,49.276310615708205,-122.79767312870675
2021-11-25 11:10:37.1940,49.276310615708205,-122.79767312870675
2021-11-25 11:10:38.1980,49.276310615708205,-122.79767312870675
2021-11-25 11:10:39.1950,49.276310615708205,-122.79767312870675
2021-11-25 11:10:40.1810,49.276310615708205,-122.79767312870675
2021-11-25 11:10:41.1910,49.276310615708205,-122.79767312870675
2021-11-25 11:10:42.1980,49.276310615708205,-122.79767312870675
2021-11-25 11:10:43.1960,49.276310615708205,-122.79767312870675
2021-11-25 11:10:44.1960,49.276310615708205,-122.79767312870675
2021-11-25 11:10:45.1960,49.276310615708205,-122.79767312870675
2021-11-25 11:10:46.2050,49.27630767590849,-122.79767187603093
2021-11-25 11:10:47.1930,49.27631403563566,-122.79766855514802
2021-11-25 11:10:48.2000,49.27631424984611,-122.79766595124174
2021-11-25 11:10:49.1980,49.27631904150496,-122.79766292177186
2021-11-25 11:10:50.1570,49.276321189457136,-122.79766001889581
2021-11-25 11:10:51.1800,49.276321564234465,-122.7976593688608
2021-11-25 11:10:52.1990,49.276324732314855,-122.79765614603126
2021-11-25 11:10:53.1930,49.27632624614958,-122.79765393093543
2021-11-25 11:10:54.1740,49.27633091225282,-122.79765102648281
2021-11-25 11:10:55.1920,49.27633239375418,-122.79765127276366
2021-11-25 11:10:56.1970,49.27633349764079,-122.79765265550145
2021-11-25 11:10:57.1940,49.27633610787183,-122.79765122128934
2021-11-25 11:10:58.1960,49.27633610787183,-122.79765122128934
2021-11-25 11:10:59.1980,49.27633610787183,-122.79765122128934
2021-11-25 11:11:00.1830,49.276337630813195,-122.79764605960008
2021-11-25 11:11:01.1970,49.276341814057844,-122.79764191509982
2021-11-25 11:11:02.1800,49.27634203892777,-122.79764461303152
2021-11-25 11:11:03.1760,49.276348625263154,-122.79764169211187
2021-11-25 11:11:04.1810,49.27635033919607,-122.79764048090259
2021-11-25 11:11:05.1770,49.27635198960889,-122.79764001586005
2021-11-25 11:11:06.1790,49.276346632837786,-122.79764272803169
2021-11-25 11:11:07.1930,49.27634299759835,-122.7976438124496
2021-11-25 11:11:08.1960,49.27634299759835,-122.7976438124496
2021-11-25 11:11:09.1910,49.27634299759835,-122.7976438124496
2021-11-25 11:11:10.1960,49.27634299759835,-122.7976438124496
2021-11-25 11:11:11.1720,49.27634719834569,-122.7976411397704
2021-11-25 11:11:12.1720,49.27634949057703,-122.79764207280054
2021-11-25 11:11:13.1970,49.27635088684874,-122.79764247534095
2021-11-25 11:11:14.2050,49.276349057955066,-122.7976453508498
2021-11-25 11:11:15.1760,49.27635254679143,-122.79764199078835
2021-11-25 11:11:16.1980,49.27634844017145,-122.79763989891757
2021-11-25 11:11:17.1970,49.27633491131438,-122.79763220758703
2021-11-25 11:11:18.2050,49.276336183283995,-122.79758981277116
2021-11-25 11:11:19.1650,49.276320057880675,-122.79754936684313
2021-11-25 11:11:20.1970,49.2762875878151,-122.79749479104966
2021-11-25 11:11:21.1990,49.276254965487716,-122.79740924876431
2021-11-25 11:11:22.1980,49.2763769174971,-122.79739683474713
2021-11-25 11:11:23.1970,49.27634985760646,-122.7971436601596
2021-11-25 11:11:24.2060,49.276406943946775,-122.7970404942965
2021-11-25 11:11:25.2060,49.276481203729766,-122.79694987361266
2021-11-25 11:11:26.2010,49.276565905861446,-122.79686839207868
2021-11-25 11:11:27.2040,49.27665850106951,-122.79679290106272
2021-11-25 11:11:28.1990,49.27675977446034,-122.79673120523992
2021-11-25 11:11:29.1960,49.276861259816165,-122.79665416921212
2021-11-25 11:11:30.2080,49.27696442359574,-122.79656426245508
2021-11-25 11:11:31.2040,49.277071198601874,-122.79647101443439
2021-11-25 11:11:32.2030,49.27718173015705,-122.79637386877933
2021-11-25 11:11:33.1960,49.27729497653635,-122.79627186702626
2021-11-25 11:11:34.2000,49.277412340626675,-122.79616643128372
2021-11-25 11:11:35.1940,49.27753412083782,-122.79606157556651
2021-11-25 11:11:36.2040,49.27765577507929,-122.79595272297287
2021-11-25 11:11:37.2090,49.27777753760791,-122.79584160725851
2021-11-25 11:11:38.2030,49.27789851378525,-122.79573372797105
2021-11-25 11:11:39.1860,49.27801696801008,-122.79562446221382
2021-11-25 11:11:40.1970,49.27813555281387,-122.79551684885206
2021-11-25 11:11:41.2060,49.27834446510793,-122.79570902968392
2021-11-25 11:11:42.2140,49.278373764457676,-122.7953058883663
2021-11-25 11:11:43.2020,49.27849164115161,-122.7952018921096
2021-11-25 11:11:44.2020,49.27860699177285,-122.79509788009953
2021-11-25 11:11:45.1940,49.27871884683922,-122.79499167475191
2021-11-25 11:11:46.2060,49.27883112728509,-122.79489031506836
2021-11-25 11:11:47.1960,49.27894253153084,-122.79479188009219
2021-11-25 11:11:48.1990,49.279051557556066,-122.7946962194345
2021-11-25 11:11:49.1940,49.27915822583519,-122.79460226445994
2021-11-25 11:11:50.2020,49.27926417801493,-122.79450689947971
2021-11-25 11:11:51.1940,49.279369905120205,-122.79440961285844
2021-11-25 11:11:52.1980,49.27947802259897,-122.79431553766834
2021-11-25 11:11:53.2030,49.27958439767443,-122.7942187793347
2021-11-25 11:11:54.2110,49.27969070000618,-122.79412004741206
2021-11-25 11:11:55.1970,49.27979848920126,-122.79402104990481
2021-11-25 11:11:56.2030,49.279905834668924,-122.79392217287877
2021-11-25 11:11:57.2000,49.280013258101725,-122.7938272294322
2021-11-25 11:11:58.1990,49.28011837131877,-122.79373310469721
2021-11-25 11:11:59.1950,49.28022208885083,-122.79365043071846
2021-11-25 11:12:00.1870,49.28032103943444,-122.79357370621169
2021-11-25 11:12:01.2040,49.28041113899735,-122.79350110759795
2021-11-25 11:12:02.2040,49.28049241290237,-122.79343912382147
2021-11-25 11:12:03.1930,49.280564647868566,-122.79339743703692
2021-11-25 11:12:04.1990,49.280618436216564,-122.79336585493498
2021-11-25 11:12:05.2100,49.28064734190858,-122.79330764727875
2021-11-25 11:12:06.1780,49.28067680363323,-122.79329286293913
2021-11-25 11:12:07.1740,49.28070249433452,-122.79327961922542
2021-11-25 11:12:08.1790,49.280727204414916,-122.7932758426485
2021-11-25 11:12:09.1890,49.280788897310686,-122.79337018554482
2021-11-25 11:12:10.1880,49.28079509658033,-122.79345713950528
2021-11-25 11:12:11.1950,49.28079430178912,-122.7935606742316
2021-11-25 11:12:12.2020,49.280797557291784,-122.79367803025161
2021-11-25 11:12:13.2030,49.28080265845185,-122.79380419087401
2021-11-25 11:12:14.1990,49.28080807205284,-122.79394557299244
2021-11-25 11:12:15.1990,49.280811273707656,-122.79409541478805
2021-11-25 11:12:16.1970,49.280810535033865,-122.79424387786148
2021-11-25 11:12:17.1960,49.280810483084,-122.79438331503651
2021-11-25 11:12:18.2010,49.2808114130182,-122.79450838623704
2021-11-25 11:12:19.2010,49.28081602113127,-122.79461460083188
2021-11-25 11:12:20.2040,49.280819617992684,-122.79471069300084
2021-11-25 11:12:21.2080,49.28082235685719,-122.79480821181959
2021-11-25 11:12:22.1680,49.28082443344617,-122.79490926856344
2021-11-25 11:12:23.1680,49.28083188008746,-122.79501239254823
2021-11-25 11:12:24.1700,49.28083482856667,-122.79513329916469
2021-11-25 11:12:25.1740,49.280833083480005,-122.79526555198974
2021-11-25 11:12:26.1980,49.28083320336332,-122.79540396795585
2021-11-25 11:12:27.1970,49.28083465424669,-122.7955332250906
2021-11-25 11:12:28.2040,49.28084015960184,-122.79563945081942
2021-11-25 11:12:29.2020,49.28083989417084,-122.79573599652056
2021-11-25 11:12:30.2040,49.28084213001623,-122.79581804795151
2021-11-25 11:12:31.1560,49.280846156289776,-122.79588767856862
2021-11-25 11:12:32.1720,49.280850843073026,-122.7959469682213
2021-11-25 11:12:33.1730,49.280858276726,-122.79598145448283
2021-11-25 11:12:34.1700,49.28084347774431,-122.79599595766865
2021-11-25 11:12:35.1720,49.2808434777448,-122.79601491943095
2021-11-25 11:12:36.1740,49.28084347774521,-122.79606113137069
2021-11-25 11:12:37.1790,49.28084347774574,-122.79613140664867
2021-11-25 11:12:38.1740,49.28084347774637,-122.79621816508
2021-11-25 11:12:39.1660,49.28084347774686,-122.79633605069868
2021-11-25 11:12:40.1730,49.280844352619866,-122.79647420297003
2021-11-25 11:12:41.1790,49.28084435262018,-122.79660538792278
2021-11-25 11:12:42.1710,49.28084435262038,-122.7967180873264
2021-11-25 11:12:43.2020,49.28084405803349,-122.79680784310125
2021-11-25 11:12:44.2050,49.28084352474315,-122.79686343909985
2021-11-25 11:12:45.1450,49.28084313461772,-122.79688861791777
2021-11-25 11:12:46.1730,49.28084172757569,-122.79692279280016
2021-11-25 11:12:47.1650,49.280841727575705,-122.79696343605737
2021-11-25 11:12:48.1970,49.28091126178964,-122.79705145303717
2021-11-25 11:12:49.2030,49.28095258751106,-122.79702986940669
2021-11-25 11:12:50.1950,49.2810015835922,-122.79704739117732
2021-11-25 11:12:51.1780,49.28104700877822,-122.79706197320604
2021-11-25 11:12:52.1710,49.281086798964886,-122.79708402804108
2021-11-25 11:12:53.1950,49.28111985928488,-122.79710885555299
2021-11-25 11:12:54.2030,49.28114572955958,-122.79714346314077
2021-11-25 11:12:55.1870,49.281137165857345,-122.79718250373578
2021-11-25 11:12:56.2000,49.28113829983073,-122.79722096359438
2021-11-25 11:12:57.1950,49.28115036213092,-122.79725343753955
2021-11-25 11:12:58.1960,49.281137899439464,-122.79728626725826
2021-11-25 11:12:59.1990,49.281120561128006,-122.79731200441044
2021-11-25 11:13:00.1880,49.28109601550603,-122.7973349531478
2021-11-25 11:13:01.1970,49.28106927954173,-122.79735873080409
2021-11-25 11:13:02.1750,49.281050524270825,-122.79739663955405
2021-11-25 11:13:03.1970,49.281027624942666,-122.7974424710855
2021-11-25 11:13:04.1910,49.28102315204748,-122.79748693286402
2021-11-25 11:13:05.1940,49.28102131485596,-122.7975240010159
2021-11-25 11:13:06.1970,49.28102840566775,-122.79754700877155
2021-11-25 11:13:07.1960,49.28104054287668,-122.79755870780119
2021-11-25 11:13:08.2020,49.28105696793508,-122.79756642051119
2021-11-25 11:13:09.1990,49.28108256761947,-122.79757050239951
2021-11-25 11:13:10.1970,49.281114646714265,-122.7975462750851
2021-11-25 11:13:11.1960,49.281148439369574,-122.7975471132783
2021-11-25 11:13:12.1980,49.28118336540252,-122.7975722584989
2021-11-25 11:13:13.1990,49.28121503995145,-122.79754876524079
2021-11-25 11:13:14.2030,49.28124812828863,-122.79754958596392
2021-11-25 11:13:15.1600,49.281284577528496,-122.79757653943489
2021-11-25 11:13:16.1960,49.2813219183721,-122.79757028811038
2021-11-25 11:13:17.2050,49.28135921398337,-122.79756830967276
2021-11-25 11:13:18.2040,49.28139590572742,-122.79756249674018
2021-11-25 11:13:19.1650,49.28143254892304,-122.79755693056265
2021-11-25 11:13:20.1790,49.28146736853037,-122.79755586912302
2021-11-25 11:13:21.1650,49.2814930415778,-122.79755160996575
2021-11-25 11:13:22.1940,49.28153790870626,-122.79755232583051
2021-11-25 11:13:23.1950,49.28156336136935,-122.7974987877357
2021-11-25 11:13:24.1970,49.28154026590817,-122.79745913599028
2021-11-25 11:13:25.1950,49.281544038755435,-122.79742587174002
2021-11-25 11:13:26.1910,49.2815396990868,-122.79739925535408
2021-11-25 11:13:27.1930,49.281529057734005,-122.79737532818716
2021-11-25 11:13:28.1950,49.28151073573256,-122.79735878869315
2021-11-25 11:13:29.1970,49.28148675076844,-122.79734300805049
2021-11-25 11:13:30.2010,49.28146002762633,-122.79733645405622
2021-11-25 11:13:31.1950,49.281436886050585,-122.79733618249514
2021-11-25 11:13:32.1610,49.281421481792215,-122.79736551835288
2021-11-25 11:13:33.1690,49.2814113685406,-122.79736551835309
2021-11-25 11:13:34.1670,49.281408303605495,-122.79736551835327
2021-11-25 11:13:35.1680,49.281410061207836,-122.79734236198368
2021-11-25 11:13:36.1720,49.28140912881407,-122.79734450938253
2021-11-25 11:13:37.1640,49.281411266253656,-122.79736551835333
2021-11-25 11:13:38.1680,49.281412384819184,-122.79736551835326
2021-11-25 11:13:39.1660,49.281411661305555,-122.79736551835332
2021-11-25 11:13:40.1710,49.28140977351331,-122.79736571482039
2021-11-25 11:13:41.1610,49.28140760679574,-122.79736551835333
2021-11-25 11:13:42.1650,49.28140752197965,-122.79733096394153
2021-11-25 11:13:43.1670,49.281402956072704,-122.79732843204246
2021-11-25 11:13:44.1660,49.28139268799096,-122.7973160681178
2021-11-25 11:13:45.1930,49.28139018113464,-122.79728761476318
2021-11-25 11:13:46.1860,49.28138986151718,-122.79726405083214
2021-11-25 11:13:47.1840,49.281394314046175,-122.79724591647086
2021-11-25 11:13:48.1950,49.281397311855955,-122.79723337194008
2021-11-25 11:13:49.1650,49.28139318368025,-122.79723714939082
2021-11-25 11:13:50.1650,49.281383746634965,-122.79724820558451
2021-11-25 11:13:51.1560,49.281374952935835,-122.79725196029018
2021-11-25 11:13:52.1680,49.28137459699859,-122.7972506037623
2021-11-25 11:13:53.1550,49.281389487029244,-122.79724443175226
2021-11-25 11:13:54.1300,49.281390741389195,-122.79724289683807
2021-11-25 11:13:55.1880,49.28139372959788,-122.79724386455932
